KundeNr,Geschlecht,Alter,Einkommen,Niederlassung,Zeit,Preis
K0001,1.0,68.0,89437.0,Sachsen,62.0,114481.9
K0002,1.0,58.0,65271.0,Nordrhein-Westfalen,44.0,106258.99
K0003,1.0,44.0,48195.0,Hessen,29.0,85705.57
K0004,0.0,37.0,48957.0,Bayern,36.0,76412.36
K0005,0.0,50.0,56621.0,Bayern,40.0,92898.67
K0006,1.0,68.0,93315.0,Baden-Württemberg,69.0,141822.38
K0007,1.0,48.0,44481.0,Nordrhein-Westfalen,30.0,63604.43
K0008,1.0,52.0,60315.0,Berlin,40.0,106359.99
K0009,0.0,40.0,50085.0,Bayern,42.0,68956.52
K0010,1.0,40.0,43750.0,Berlin,28.0,67687.0
K0011,1.0,53.0,30821.0,Nordrhein-Westfalen,26.0,58450.55
K0012,0.0,65.0,73235.0,Baden-Württemberg,40.0,115599.05
K0013,1.0,69.0,89082.0,Nordrhein-Westfalen,66.0,124730.66
K0014,0.0,53.0,70398.0,Sachsen,48.0,102062.3
K0015,1.0,32.0,43022.0,Sachsen,36.0,50811.55
K0016,1.0,51.0,47883.0,Berlin,45.0,90273.18
K0017,1.0,31.0,42377.0,Bayern,31.0,69094.76
K0018,0.0,53.0,55741.0,Berlin,41.0,83296.61
K0019,0.0,59.0,72303.0,Bayern,44.0,101687.09
K0020,0.0,67.0,78468.0,Baden-Württemberg,47.0,123598.99
K0021,1.0,31.0,27501.0,Hessen,22.0,39695.86
K0022,0.0,50.0,49026.0,Berlin,36.0,79076.93
K0023,1.0,62.0,75575.0,Nordrhein-Westfalen,50.0,124516.56
K0024,1.0,41.0,46542.0,Baden-Württemberg,40.0,63477.0
K0025,0.0,51.0,50677.0,Niedersachsen,34.0,83785.2
K0026,1.0,54.0,53037.0,Nordrhein-Westfalen,44.0,88479.15
K0027,1.0,56.0,61920.0,Nordrhein-Westfalen,49.0,94455.39
K0028,1.0,57.0,83306.0,Sachsen,53.0,112854.14
K0029,1.0,45.0,47574.0,Nordrhein-Westfalen,33.0,87328.47
K0030,1.0,44.0,52043.0,Sachsen,42.0,72895.13
K0031,1.0,32.0,40277.0,Bayern,34.0,42093.26
K0032,1.0,66.0,63799.0,Brandenburg,48.0,109159.01
K0033,0.0,36.0,24397.0,Baden-Württemberg,38.0,32833.88
K0034,0.0,50.0,47571.0,Baden-Württemberg,39.0,83365.24
K0035,1.0,38.0,48364.0,Bayern,35.0,85707.42
K0036,1.0,68.0,79182.0,Baden-Württemberg,48.0,125939.52
K0037,1.0,47.0,63067.0,Bayern,41.0,102867.75
K0038,1.0,33.0,41309.0,Baden-Württemberg,25.0,82824.09
K0039,1.0,51.0,61857.0,Baden-Württemberg,52.0,104214.07
K0040,1.0,43.0,44559.0,Sachsen,22.0,74144.49
K0041,1.0,38.0,55278.0,Baden-Württemberg,46.0,95883.59
K0042,1.0,55.0,54161.0,Nordrhein-Westfalen,36.0,104859.86
K0043,1.0,31.0,26047.0,Baden-Württemberg,24.0,63491.25
K0044,1.0,49.0,63769.0,Sachsen,41.0,88665.28
K0045,0.0,57.0,51842.0,Sachsen,51.0,70527.14
K0046,0.0,36.0,69703.0,Niedersachsen,50.0,86119.52
K0047,1.0,37.0,45467.0,Niedersachsen,43.0,75752.08
K0048,0.0,64.0,77668.0,Baden-Württemberg,63.0,116246.65
K0049,1.0,43.0,42342.0,Thüringen,37.0,66374.97
K0050,0.0,46.0,50946.0,Nordrhein-Westfalen,32.0,83406.88
K0051,0.0,65.0,70352.0,Sachsen,49.0,92584.18
K0052,1.0,69.0,73444.0,Niedersachsen,47.0,115561.62
K0053,1.0,33.0,47124.0,Bayern,35.0,79603.78
K0054,1.0,31.0,33214.0,Sachsen,31.0,58416.51
K0055,1.0,35.0,53464.0,Bayern,41.0,82821.95
K0056,1.0,33.0,69142.0,Hessen,52.0,107174.44
K0057,1.0,58.0,64180.0,Baden-Württemberg,51.0,98148.01
K0058,1.0,47.0,57101.0,Sachsen,43.0,79106.97
K0059,0.0,55.0,68245.0,Baden-Württemberg,52.0,112358.24
K0060,0.0,63.0,92456.0,Bayern,57.0,141292.39
K0061,1.0,39.0,45873.0,Hessen,47.0,75731.69
K0062,1.0,65.0,65989.0,Nordrhein-Westfalen,44.0,102710.38
K0063,1.0,43.0,37376.0,Hessen,42.0,63383.29
K0064,1.0,60.0,68926.0,Bayern,39.0,91715.99
K0065,0.0,44.0,47332.0,Baden-Württemberg,36.0,84281.71
K0066,1.0,37.0,66398.0,Nordrhein-Westfalen,46.0,101131.52
K0067,1.0,43.0,70304.0,Thüringen,52.0,83886.2
K0068,1.0,52.0,49657.0,Nordrhein-Westfalen,46.0,89589.3
K0069,1.0,69.0,71612.0,Berlin,42.0,116360.51
K0070,0.0,50.0,59505.0,Sachsen,37.0,78150.23
K0071,0.0,45.0,68432.0,Berlin,39.0,82849.76
K0072,1.0,47.0,56068.0,Hamburg,52.0,88529.55
K0073,1.0,53.0,54940.0,Berlin,45.0,82628.47
K0074,1.0,55.0,63491.0,Berlin,39.0,115135.5
K0075,0.0,54.0,56229.0,Nordrhein-Westfalen,40.0,97038.57
K0076,0.0,70.0,86939.0,Hamburg,67.0,132147.29
K0077,1.0,58.0,59695.0,Bayern,43.0,99547.37
K0078,1.0,44.0,46659.0,Bayern,36.0,87048.58
K0079,0.0,30.0,49606.0,Baden-Württemberg,34.0,76579.11
K0080,1.0,54.0,54712.0,Hessen,35.0,92084.38
K0081,0.0,36.0,27831.0,Bayern,37.0,38628.85
K0082,1.0,38.0,46715.0,Baden-Württemberg,50.0,101650.7
K0083,1.0,53.0,58050.0,Niedersachsen,37.0,78625.3
K0084,1.0,30.0,42551.0,Niedersachsen,46.0,58706.65
K0085,1.0,37.0,48042.0,Nordrhein-Westfalen,36.0,54313.59
K0086,1.0,53.0,61613.0,Brandenburg,50.0,99068.03
K0087,0.0,40.0,47192.0,Sachsen,48.0,72220.0
K0088,1.0,46.0,46384.0,Sachsen,37.0,82034.0
K0089,1.0,37.0,45503.0,Nordrhein-Westfalen,35.0,50836.91
K0090,1.0,64.0,83452.0,Niedersachsen,62.0,133180.7
K0091,1.0,64.0,63338.0,Bayern,39.0,92846.99
K0092,1.0,62.0,71666.0,Thüringen,59.0,107104.52
K0093,1.0,34.0,52606.0,Bayern,42.0,83864.29
K0094,0.0,68.0,83716.0,Bayern,53.0,125611.48
K0095,1.0,70.0,94606.0,Berlin,58.0,139830.32
K0096,1.0,57.0,60138.0,Baden-Württemberg,35.0,102300.93
K0097,1.0,36.0,23660.0,Thüringen,23.0,49960.18
K0098,0.0,38.0,47861.0,Hessen,37.0,66834.88
K0099,0.0,37.0,48532.0,Hessen,32.0,68786.85
K0100,0.0,41.0,63780.0,Niedersachsen,47.0,90449.48
K0101,1.0,63.0,85695.0,Brandenburg,61.0,114451.46
K0102,1.0,62.0,77546.0,Baden-Württemberg,52.0,124857.23
K0103,1.0,52.0,69175.0,Hessen,54.0,103778.57
K0104,1.0,53.0,59879.0,Niedersachsen,39.0,92542.02
K0105,1.0,66.0,62843.0,Berlin,53.0,113812.63
K0106,1.0,64.0,75171.0,Nordrhein-Westfalen,53.0,112055.97
K0107,1.0,69.0,89976.0,Bayern,71.0,129284.1
K0108,1.0,51.0,66908.0,Bayern,65.0,93021.39
K0109,0.0,56.0,74257.0,Baden-Württemberg,49.0,110427.22
K0110,1.0,64.0,69256.0,Berlin,47.0,110341.3
K0111,1.0,30.0,34125.0,Nordrhein-Westfalen,30.0,46414.4
K0112,0.0,64.0,79138.0,Nordrhein-Westfalen,59.0,114319.8
K0113,1.0,66.0,70138.0,Berlin,59.0,102407.29
K0114,0.0,43.0,45517.0,Hessen,33.0,63320.19
K0115,1.0,32.0,42406.0,Nordrhein-Westfalen,39.0,45125.2
K0116,1.0,30.0,45256.0,Bayern,37.0,62326.68
K0117,0.0,34.0,39181.0,Baden-Württemberg,39.0,41898.43
K0118,0.0,55.0,51515.0,Thüringen,51.0,78247.78
K0119,0.0,43.0,43130.0,Hessen,35.0,61803.14
K0120,1.0,68.0,80444.0,Thüringen,44.0,131551.59
K0121,1.0,56.0,67292.0,Bayern,54.0,90615.29
K0122,1.0,38.0,48301.0,Niedersachsen,33.0,64230.98
K0123,1.0,44.0,57848.0,Bayern,43.0,81081.18
K0124,0.0,44.0,52258.0,Bayern,47.0,72060.58
K0125,1.0,55.0,67004.0,Hamburg,51.0,114150.05
K0126,0.0,42.0,49536.0,Bayern,39.0,62506.44
K0127,1.0,61.0,83098.0,Baden-Württemberg,53.0,116002.86
K0128,1.0,68.0,93769.0,Bayern,42.0,137923.28
K0129,1.0,61.0,57745.0,Baden-Württemberg,49.0,102766.17
K0130,0.0,33.0,37491.0,Niedersachsen,32.0,53138.58
K0131,0.0,59.0,68825.0,Brandenburg,60.0,83303.72
K0132,0.0,66.0,73170.0,Baden-Württemberg,54.0,109500.77
K0133,0.0,52.0,80319.0,Baden-Württemberg,51.0,124885.27
K0134,0.0,68.0,80664.0,Baden-Württemberg,63.0,122681.63
K0135,0.0,44.0,43460.0,Hessen,45.0,71339.81
K0136,1.0,58.0,73853.0,Baden-Württemberg,50.0,97928.13
K0137,1.0,65.0,77918.0,Nordrhein-Westfalen,62.0,104728.1
K0138,1.0,42.0,53324.0,Baden-Württemberg,38.0,79456.84
K0139,0.0,61.0,90246.0,Bayern,61.0,111436.45
K0140,0.0,36.0,47319.0,Sachsen,43.0,76696.47
K0141,1.0,51.0,56496.0,Niedersachsen,49.0,78599.02
K0142,0.0,57.0,45095.0,Baden-Württemberg,42.0,77157.15
K0143,0.0,31.0,36296.0,Nordrhein-Westfalen,31.0,35482.61
K0144,1.0,35.0,56593.0,Brandenburg,51.0,74955.3
K0145,1.0,57.0,65311.0,Nordrhein-Westfalen,47.0,87351.94
K0146,0.0,57.0,42006.0,Hessen,32.0,50508.57
K0147,1.0,49.0,52215.0,Niedersachsen,37.0,87326.82
K0148,0.0,59.0,79235.0,Thüringen,68.0,130383.85
K0149,1.0,40.0,53774.0,Bayern,37.0,90227.44
K0150,0.0,57.0,57191.0,Hessen,53.0,96831.38
K0151,0.0,54.0,56914.0,Berlin,36.0,83783.08
K0152,0.0,68.0,73781.0,Baden-Württemberg,55.0,120941.76
K0153,1.0,62.0,64538.0,Baden-Württemberg,49.0,113786.43
K0154,0.0,30.0,14993.0,Baden-Württemberg,34.0,33678.17
K0155,0.0,56.0,73496.0,Niedersachsen,47.0,94040.73
K0156,1.0,42.0,63657.0,Hessen,40.0,84814.32
K0157,0.0,70.0,63937.0,Hessen,46.0,121009.5
K0158,1.0,32.0,52664.0,Baden-Württemberg,53.0,72598.33
K0159,1.0,68.0,77118.0,Berlin,47.0,83418.33
K0160,1.0,35.0,55716.0,Sachsen,25.0,63069.62
K0161,1.0,37.0,45011.0,Berlin,38.0,63758.96
K0162,1.0,56.0,66685.0,Hessen,55.0,110938.59
K0163,0.0,38.0,49724.0,Nordrhein-Westfalen,33.0,69448.24
K0164,1.0,66.0,67497.0,Nordrhein-Westfalen,55.0,117195.91
K0165,0.0,62.0,84681.0,Hamburg,50.0,115423.31
K0166,0.0,53.0,49798.0,Nordrhein-Westfalen,39.0,61329.51
K0167,1.0,44.0,47834.0,Berlin,44.0,69642.73
K0168,1.0,61.0,76325.0,Sachsen,45.0,116425.9
K0169,0.0,61.0,65117.0,Bayern,49.0,102799.87
K0170,1.0,53.0,70392.0,Bayern,59.0,89785.65
K0171,1.0,70.0,95326.0,Baden-Württemberg,66.0,133593.66
K0172,0.0,41.0,59921.0,Nordrhein-Westfalen,40.0,111734.31
K0173,1.0,68.0,57238.0,Berlin,54.0,84306.46
K0174,1.0,31.0,39454.0,Bayern,39.0,65981.74
K0175,1.0,32.0,50330.0,Bayern,27.0,49540.28
K0176,0.0,66.0,61785.0,Sachsen,52.0,108131.17
K0177,1.0,46.0,62212.0,Nordrhein-Westfalen,42.0,81404.44
K0178,0.0,31.0,45328.0,Hessen,39.0,68156.01
K0179,1.0,31.0,24944.0,Hessen,35.0,31094.22
K0180,0.0,57.0,75347.0,Berlin,49.0,111539.65
K0181,0.0,52.0,63832.0,Berlin,35.0,84810.82
K0182,0.0,66.0,83118.0,Sachsen,67.0,113976.31
K0183,1.0,61.0,60160.0,Baden-Württemberg,53.0,100767.22
K0184,0.0,62.0,73353.0,Berlin,51.0,104733.83
K0185,1.0,30.0,18515.0,Bayern,30.0,41027.79
K0186,1.0,48.0,31841.0,Brandenburg,28.0,58334.15
K0187,1.0,31.0,39617.0,Berlin,35.0,60089.79
K0188,0.0,55.0,76066.0,Hamburg,52.0,112809.53
K0189,0.0,61.0,73383.0,Baden-Württemberg,49.0,105062.59
K0190,0.0,35.0,41741.0,Hamburg,38.0,52271.78
K0191,1.0,61.0,68606.0,Bayern,41.0,99514.15
K0192,1.0,33.0,30037.0,Baden-Württemberg,28.0,62787.47
K0193,0.0,40.0,45448.0,Baden-Württemberg,40.0,70066.79
K0194,1.0,46.0,58938.0,Nordrhein-Westfalen,57.0,78516.69
K0195,1.0,67.0,72430.0,Berlin,43.0,116130.92
K0196,1.0,53.0,70100.0,Hessen,54.0,107089.66
K0197,1.0,34.0,43470.0,Nordrhein-Westfalen,41.0,70250.0
K0198,1.0,63.0,76247.0,Niedersachsen,40.0,103879.52
K0199,1.0,35.0,52067.0,Berlin,44.0,67345.58
K0200,1.0,51.0,54077.0,Berlin,48.0,77842.13
K0201,1.0,40.0,55005.0,Berlin,47.0,76273.78
K0202,0.0,45.0,49088.0,Niedersachsen,39.0,80749.79
K0203,1.0,62.0,75407.0,Brandenburg,55.0,115505.36
K0204,1.0,38.0,38681.0,Nordrhein-Westfalen,36.0,65930.74
K0205,0.0,35.0,32553.0,Nordrhein-Westfalen,44.58485401459854,66814.09
K0206,1.0,45.0,54276.0,Baden-Württemberg,43.0,88859.4
K0207,0.0,58.0,46940.0,Baden-Württemberg,36.0,78383.96
K0208,0.0,32.0,35961.0,Niedersachsen,28.0,42830.37
K0209,1.0,49.0,40198.0,Bayern,52.0,62115.3
K0210,1.0,65.0,83431.0,Baden-Württemberg,65.0,119640.51
K0211,0.0,48.0,67923.0,Sachsen,41.0,104683.62
K0212,0.0,55.0,54760.0,Bayern,45.0,86038.6
K0213,1.0,32.0,43819.0,Sachsen,47.0,57548.45
K0214,1.0,48.0,66286.0,Niedersachsen,38.0,88275.44
K0215,1.0,49.0,67407.0,Nordrhein-Westfalen,49.0,96728.92
K0216,0.0,61.0,72965.0,Bayern,52.0,117298.71
K0217,1.0,36.0,51478.0,Bayern,32.0,90484.89
K0218,0.0,70.0,73363.0,Hamburg,54.0,111223.31
K0219,1.0,62.0,72626.0,Baden-Württemberg,59.0,109158.35
K0220,1.0,69.0,74254.0,Bayern,63.0,102553.46
K0221,1.0,68.0,70277.0,Bayern,48.0,130143.33
K0222,1.0,47.0,55841.0,Baden-Württemberg,60.0,70169.26
K0223,1.0,69.0,83089.0,Bayern,42.0,136022.46
K0224,1.0,30.0,49623.0,Nordrhein-Westfalen,42.0,65451.53
K0225,1.0,40.0,50730.0,Baden-Württemberg,30.0,69432.02
K0226,0.0,57.0,73261.0,Baden-Württemberg,52.0,95081.32
K0227,1.0,54.0,70130.0,Hessen,46.0,127478.45
K0228,1.0,52.0,90021.0,Thüringen,64.0,124563.89
K0229,0.0,60.0,49925.0,Bayern,39.0,84170.57
K0230,0.0,59.0,61009.0,Baden-Württemberg,40.0,103904.6
K0231,0.0,64.0,89881.0,Hessen,55.0,120551.98
K0232,0.0,36.0,39697.0,Sachsen,48.0,60883.05
K0233,1.0,45.0,62886.0,Nordrhein-Westfalen,50.0,91266.15
K0234,1.0,55.0,66624.0,Hessen,36.0,94540.15
K0235,0.0,31.0,60920.0,Bayern,49.0,92362.74
K0236,0.0,30.0,24933.0,Hamburg,26.0,40285.18
K0237,1.0,41.0,62190.0,Baden-Württemberg,46.0,72016.19
K0238,0.0,34.0,60319.0,Niedersachsen,51.0,77978.88
K0239,1.0,66.0,65063.0,Nordrhein-Westfalen,56.0,106463.24
K0240,1.0,61.0,79130.0,Thüringen,49.0,106664.4
K0241,1.0,38.0,35214.0,Bayern,32.0,50205.8
K0242,1.0,70.0,80732.0,Baden-Württemberg,52.0,116569.27
K0243,1.0,64.0,71112.0,Hamburg,55.0,121577.09
K0244,1.0,48.0,30477.0,Niedersachsen,29.0,53902.36
K0245,0.0,45.0,57880.0,Nordrhein-Westfalen,44.0,98898.93
K0246,1.0,32.0,40729.0,Baden-Württemberg,33.0,54787.08
K0247,1.0,49.0,73660.0,Bayern,51.0,107200.27
K0248,0.0,53.0,68587.0,Hamburg,61.0,94955.06
K0249,0.0,62.0,96569.0,Bayern,80.0,140745.65
K0250,0.0,53.0,63121.0,Nordrhein-Westfalen,49.0,82460.27
K0251,0.0,40.0,46710.0,Berlin,38.0,77768.25
K0252,0.0,37.0,42600.0,Nordrhein-Westfalen,25.0,65540.55
K0253,1.0,65.0,70212.0,Hessen,45.0,102160.74
K0254,1.0,67.0,53207.0,Nordrhein-Westfalen,41.0,90531.33
K0255,1.0,69.0,76932.0,Bayern,48.0,133380.54
K0256,1.0,49.0,35194.0,Nordrhein-Westfalen,28.0,65668.36
K0257,1.0,64.0,78797.0,Bayern,65.0,109839.35
K0258,0.0,54.0,49596.0,Hamburg,40.0,68169.84
K0259,1.0,64.0,64196.0,Bayern,48.0,107141.39
K0260,1.0,54.0,55785.0,Berlin,38.0,90085.01
K0261,1.0,58.0,65162.0,Bayern,56.0,106934.76
K0262,0.0,47.0,55524.0,Bayern,41.0,67983.37
K0263,1.0,47.0,67211.0,Thüringen,45.0,84216.96
K0264,0.0,31.0,31826.0,Baden-Württemberg,20.0,61856.99
K0265,1.0,64.0,79102.0,Nordrhein-Westfalen,54.0,120716.52
K0266,1.0,45.0,82896.0,Thüringen,53.0,116749.66
K0267,1.0,70.0,84497.0,Baden-Württemberg,69.0,116193.41
K0268,0.0,65.0,73022.0,Niedersachsen,64.0,100337.77
K0269,1.0,62.0,63275.0,Bayern,38.0,110109.58
K0270,0.0,33.0,38152.0,Baden-Württemberg,26.0,68310.6
K0271,1.0,62.0,62114.0,Berlin,44.0,87670.86
K0272,1.0,43.0,54023.0,Sachsen,36.0,67446.84
K0273,0.0,50.0,59828.0,Baden-Württemberg,46.0,87813.11
K0274,0.0,49.0,34170.0,Hessen,30.0,53806.21
K0275,0.0,37.0,44398.0,Brandenburg,39.0,57851.21
K0276,0.0,36.0,55185.0,Nordrhein-Westfalen,50.0,64034.01
K0277,0.0,32.0,34846.0,Baden-Württemberg,25.0,48990.25
K0278,0.0,46.0,47284.0,Niedersachsen,46.0,62114.5
K0279,0.0,62.0,56784.0,Niedersachsen,38.0,80874.62
K0280,0.0,41.0,28790.0,Niedersachsen,44.0,55293.51
K0281,0.0,51.0,68806.0,Sachsen,61.0,98128.97
K0282,1.0,51.0,57821.0,Nordrhein-Westfalen,43.0,93565.3
K0283,0.0,59.0,76842.0,Baden-Württemberg,47.0,94309.74
K0284,1.0,67.0,93757.0,Berlin,54.0,134096.72
K0285,0.0,67.0,87141.0,Berlin,65.0,147149.94
K0286,0.0,37.0,38717.0,Bayern,34.0,56575.12
K0287,1.0,56.0,66786.0,Berlin,55.0,108886.48
K0288,0.0,56.0,58547.0,Berlin,60.0,99077.0
K0289,1.0,63.0,65128.0,Berlin,42.0,111253.56
K0290,1.0,50.0,62422.0,Thüringen,38.0,94530.65
K0291,0.0,59.0,59443.0,Baden-Württemberg,46.0,99016.21
K0292,1.0,62.0,47766.0,Sachsen,47.0,91150.03
K0293,0.0,57.0,56668.0,Brandenburg,37.0,95820.3
K0294,0.0,62.0,68397.0,Hessen,49.0,92611.11
K0295,1.0,34.0,57844.0,Nordrhein-Westfalen,54.0,62302.49
K0296,1.0,48.0,51210.0,Bayern,29.0,64363.81
K0297,1.0,33.0,45811.0,Berlin,40.0,64066.66
K0298,1.0,64.0,72069.0,Berlin,47.0,116154.84
K0299,0.0,46.0,67665.0,Berlin,50.0,83620.57
K0300,1.0,57.0,78848.0,Sachsen,59.0,122846.97
K0301,1.0,59.0,81225.0,Nordrhein-Westfalen,57.0,111772.36
K0302,1.0,58.0,48580.0,Baden-Württemberg,32.0,77722.17
K0303,1.0,35.0,44671.0,Baden-Württemberg,34.0,58157.49
K0304,0.0,64.0,82125.0,Berlin,66.0,99958.46
K0305,1.0,70.0,84543.0,Baden-Württemberg,60.0,128417.08
K0306,0.0,66.0,82969.0,Hessen,62.0,138621.96
K0307,1.0,53.0,62592.0,Baden-Württemberg,48.0,93932.46
K0308,0.0,58.0,59308.0,Hamburg,50.0,73667.3
K0309,1.0,60.0,51150.0,Baden-Württemberg,38.0,94420.15
K0310,1.0,64.0,66894.0,Bayern,43.0,88160.31
K0311,0.0,62.0,100769.0,Niedersachsen,71.0,125018.41
K0312,1.0,50.0,53438.0,Brandenburg,50.0,81140.06
K0313,0.0,61.0,49390.0,Thüringen,33.0,85180.08
K0314,0.0,52.0,68820.0,Nordrhein-Westfalen,45.0,88926.82
K0315,1.0,62.0,81002.0,Bayern,54.0,115409.9
K0316,1.0,32.0,53135.0,Baden-Württemberg,53.0,81152.36
K0317,0.0,47.0,60557.0,Nordrhein-Westfalen,49.0,96808.99
K0318,1.0,54.0,72215.0,Sachsen,42.0,117790.98
K0319,1.0,60.0,89512.0,Nordrhein-Westfalen,59.0,145466.52
K0320,1.0,32.0,31090.0,Baden-Württemberg,29.0,59413.64
K0321,1.0,69.0,69084.0,Thüringen,41.0,107414.81
K0322,1.0,53.0,50089.0,Bayern,39.0,90472.38
K0323,0.0,61.0,67757.0,Nordrhein-Westfalen,47.0,107610.75
K0324,0.0,51.0,75335.0,Sachsen,50.0,110590.22
K0325,1.0,52.0,66602.0,Bayern,45.0,98756.07
K0326,0.0,31.0,43389.0,Sachsen,47.0,52734.87
K0327,1.0,56.0,45484.0,Bayern,35.0,68018.6
K0328,0.0,31.0,30572.0,Thüringen,31.0,47857.93
K0329,1.0,55.0,44222.0,Bayern,37.0,78218.77
K0330,1.0,46.0,67067.0,Thüringen,45.0,88579.71
K0331,1.0,69.0,96516.0,Baden-Württemberg,64.0,142208.17
K0332,1.0,62.0,80179.0,Niedersachsen,56.0,138650.02
K0333,0.0,38.0,34983.0,Hamburg,33.0,39236.62
K0334,0.0,68.0,94307.0,Berlin,56.0,139799.0
K0335,1.0,58.0,64638.0,Bayern,46.0,98621.47
K0336,1.0,55.0,50959.0,Niedersachsen,46.0,88240.21
K0337,0.0,64.0,63436.0,Baden-Württemberg,45.0,95562.13
K0338,1.0,54.0,58380.0,Hessen,45.0,89265.3
K0339,1.0,53.0,62497.0,Bayern,47.0,95797.57
K0340,1.0,42.0,48275.0,Thüringen,42.0,70990.88
K0341,0.0,36.0,28194.0,Baden-Württemberg,33.0,33483.78
K0342,0.0,65.0,88138.0,Baden-Württemberg,58.0,123538.59
K0343,1.0,49.0,55986.0,Bayern,37.0,71207.17
K0344,1.0,30.0,29264.0,Berlin,21.0,54886.03
K0345,0.0,37.0,56641.0,Bayern,50.0,59783.06
K0346,0.0,45.0,40446.0,Brandenburg,41.0,76851.18
K0347,1.0,43.0,33444.0,Nordrhein-Westfalen,36.0,63707.22
K0348,0.0,41.0,62740.0,Niedersachsen,52.0,91641.0
K0349,1.0,52.0,81387.0,Hessen,55.0,91299.91
K0350,1.0,44.0,47183.0,Baden-Württemberg,34.0,70636.85
K0351,0.0,57.0,65801.0,Niedersachsen,41.0,110519.86
K0352,1.0,63.0,60374.0,Baden-Württemberg,38.0,92221.35
K0353,1.0,31.0,38149.0,Nordrhein-Westfalen,43.0,46875.9
K0354,1.0,61.0,65481.0,Bayern,44.0,95229.38
K0355,1.0,52.0,59767.0,Berlin,52.0,90442.28
K0356,0.0,51.0,64228.0,Bayern,46.0,85280.73
K0357,1.0,54.0,51135.0,Nordrhein-Westfalen,36.0,95898.4
K0358,0.0,51.0,55866.0,Baden-Württemberg,35.0,84704.04
K0359,1.0,51.0,40228.0,Hessen,31.0,64816.33
K0360,1.0,35.0,38580.0,Baden-Württemberg,44.0,47131.37
K0361,1.0,44.0,51181.0,Niedersachsen,33.0,83060.06
K0362,0.0,66.0,78548.0,Sachsen,69.0,121289.35
K0363,1.0,62.0,74323.0,Berlin,46.0,103270.9
K0364,0.0,37.0,54403.0,Brandenburg,47.0,53690.36
K0365,1.0,34.0,24647.0,Sachsen,26.0,49746.45
K0366,0.0,68.0,62116.0,Hamburg,44.0,98786.45
K0367,1.0,33.0,45996.0,Brandenburg,29.0,70449.86
K0368,0.0,35.0,20317.0,Hessen,24.0,60372.24
K0369,0.0,61.0,72628.0,Niedersachsen,43.0,107586.29
K0370,0.0,59.0,55669.0,Baden-Württemberg,31.0,84097.56
K0371,0.0,64.0,90952.0,Nordrhein-Westfalen,61.0,116583.47
K0372,0.0,69.0,82036.0,Berlin,52.0,118543.95
K0373,1.0,45.0,50903.0,Baden-Württemberg,52.0,79988.48
K0374,1.0,42.0,63339.0,Nordrhein-Westfalen,54.0,90132.53
K0375,1.0,59.0,56937.0,Berlin,55.0,109491.66
K0376,0.0,48.0,47062.0,Baden-Württemberg,34.0,79825.38
K0377,1.0,46.0,40684.0,Niedersachsen,36.0,66968.71
K0378,0.0,48.0,47153.0,Sachsen,20.0,67603.44
K0379,1.0,57.0,66962.0,Sachsen,47.0,103890.1
K0380,1.0,55.0,69487.0,Thüringen,50.0,93455.52
K0381,1.0,66.0,86491.0,Nordrhein-Westfalen,59.0,127825.69
K0382,0.0,55.0,44341.0,Baden-Württemberg,37.0,80565.16
K0383,1.0,52.0,59011.0,Berlin,45.0,88150.0
K0384,1.0,38.0,33666.0,Nordrhein-Westfalen,44.58485401459854,50494.07
K0385,1.0,41.0,46713.0,Bayern,40.0,49617.32
K0386,1.0,30.0,62318.0,Hessen,50.0,93943.58
K0387,1.0,30.0,40170.0,Hessen,44.0,63566.56
K0388,1.0,63.0,82564.0,Bayern,59.0,124742.75
K0389,0.0,61.0,91903.0,Sachsen,60.0,111764.41
K0390,1.0,54.0,75271.0,Brandenburg,60.0,122250.09
K0391,1.0,69.0,74462.0,Berlin,36.0,110415.92
K0392,1.0,30.0,23168.0,Thüringen,23.0,38984.74
K0393,1.0,45.0,52953.0,Brandenburg,36.0,69536.92
K0394,1.0,68.0,72078.0,Baden-Württemberg,51.0,93935.85
K0395,1.0,34.0,24811.0,Hamburg,44.58485401459854,57541.73
K0396,1.0,51.0,62402.0,Nordrhein-Westfalen,55.0,106473.29
K0397,1.0,58.0,70268.0,Nordrhein-Westfalen,48.0,103403.43
K0398,0.0,32.0,58361.0,Nordrhein-Westfalen,46.0,71055.84
K0399,0.0,41.0,45016.0,Niedersachsen,39.0,65106.71
K0400,0.0,55.0,67168.0,Bayern,57.0,95526.72
K0401,1.0,45.0,46062.0,Nordrhein-Westfalen,25.0,61105.39
K0402,1.0,66.0,85534.0,Sachsen,59.0,122017.62
K0403,1.0,51.0,58438.0,Baden-Württemberg,52.0,90811.71
K0404,1.0,58.0,54668.0,Baden-Württemberg,42.0,99426.78
K0405,0.0,43.0,50963.0,Thüringen,34.0,76275.31
K0406,1.0,57.0,70535.0,Nordrhein-Westfalen,46.0,88743.79
K0407,1.0,34.0,44113.0,Sachsen,34.0,69211.99
K0408,1.0,59.0,79812.0,Sachsen,50.0,112833.38
K0409,0.0,34.0,25640.0,Hamburg,27.0,59338.04
K0410,1.0,41.0,39800.0,Niedersachsen,45.0,79421.65
K0411,1.0,45.0,60218.0,Hamburg,41.0,102902.04
K0412,1.0,55.0,56264.0,Baden-Württemberg,40.0,83364.29
K0413,1.0,55.0,66738.0,Düsseldorf,52.0,120215.5
K0414,1.0,50.0,32462.0,Brandenburg,30.0,65554.28
K0415,1.0,68.0,107689.0,Niedersachsen,60.0,88931.455
K0416,1.0,65.0,72055.0,Brandenburg,51.0,105462.29
K0417,1.0,62.0,84673.0,Brandenburg,57.0,118973.65
K0418,1.0,59.0,64816.0,Baden-Württemberg,54.0,102801.02
K0419,1.0,66.0,80562.0,Bayern,48.0,121433.27
K0420,1.0,52.0,77055.0,Baden-Württemberg,60.0,121764.28
K0421,0.0,39.0,59413.0,Baden-Württemberg,44.0,80369.74
K0422,0.0,34.0,39127.0,Thüringen,27.0,71127.46
K0423,1.0,65.0,73513.0,Baden-Württemberg,43.0,119578.06
K0424,1.0,63.0,83693.0,Bayern,70.0,119357.7
K0425,1.0,60.0,94859.0,Hessen,61.0,138156.74
K0426,1.0,39.0,48855.0,Hessen,46.0,68265.8
K0427,0.0,48.0,77759.0,Baden-Württemberg,42.0,130352.49
K0428,1.0,61.0,68022.0,Nordrhein-Westfalen,67.0,77134.04
K0429,0.0,30.0,47328.0,Nordrhein-Westfalen,45.0,72459.7
K0430,1.0,34.0,53286.0,Bayern,40.0,57023.34
K0431,1.0,33.0,35813.0,Bayern,31.0,54223.32
K0432,0.0,45.0,45178.0,Sachsen,43.0,70342.95
K0433,0.0,53.0,74381.0,Nordrhein-Westfalen,57.0,120881.72
K0434,0.0,45.0,47515.0,Niedersachsen,40.0,66554.21
K0435,0.0,31.0,28390.0,Baden-Württemberg,29.0,59963.88
K0436,1.0,57.0,58882.0,Berlin,48.0,80802.02
K0437,0.0,61.0,64831.0,Hessen,35.0,113585.7
K0438,1.0,56.0,74505.0,Baden-Württemberg,50.0,103566.8
K0439,0.0,49.0,63205.0,Berlin,35.0,92627.74
K0440,1.0,53.0,69721.0,Hessen,54.0,98479.34
K0441,0.0,41.0,53509.0,Bayern,37.0,90805.35
K0442,1.0,64.0,67455.0,Nordrhein-Westfalen,38.0,116446.72
K0443,1.0,62.0,79285.0,Nordrhein-Westfalen,49.0,121004.55
K0444,1.0,62.0,84548.0,Bayern,58.0,110128.73
K0445,0.0,66.0,82404.0,Nordrhein-Westfalen,55.0,113241.16
K0446,1.0,41.0,53816.0,Baden-Württemberg,34.0,68749.31
K0447,1.0,32.0,30856.0,Nordrhein-Westfalen,44.58485401459854,27934.83
K0448,1.0,30.0,39302.0,Baden-Württemberg,35.0,71437.17
K0449,1.0,62.0,62829.0,Baden-Württemberg,42.0,96175.78
K0450,0.0,69.0,79059.0,Niedersachsen,53.0,115211.31
K0451,1.0,39.0,28981.0,Berlin,28.0,67912.67
K0452,0.0,58.0,49680.0,Sachsen,43.0,77792.44
K0453,1.0,42.0,47953.0,Bayern,45.0,65155.0
K0454,1.0,41.0,42992.0,Bayern,38.0,65811.72
K0455,0.0,60.0,70713.0,Brandenburg,48.0,93794.62
K0456,0.0,31.0,36628.0,Berlin,33.0,58605.27
K0457,1.0,64.0,74222.0,Bayern,50.0,108488.51
K0458,1.0,52.0,67475.0,Niedersachsen,37.0,93897.2
K0459,0.0,46.0,49340.0,Nordrhein-Westfalen,47.0,69960.66
K0460,1.0,55.0,61750.0,Nordrhein-Westfalen,52.0,93666.44
K0461,0.0,37.0,60379.0,Thüringen,59.0,83542.5
K0462,0.0,58.0,67418.0,Bayern,65.0,95613.26
K0463,0.0,55.0,62186.0,Niedersachsen,38.0,90301.78
K0464,1.0,39.0,47664.0,Berlin,36.0,71040.72
K0465,0.0,55.0,62380.0,Niedersachsen,64.0,92302.99
K0466,1.0,63.0,65114.0,Berlin,47.0,102718.58
K0467,1.0,70.0,69581.0,Thüringen,51.0,103751.58
K0468,1.0,36.0,35235.0,Nordrhein-Westfalen,22.0,67764.25
K0469,1.0,33.0,49726.0,Thüringen,41.0,71847.89
K0470,0.0,40.0,41023.0,Nordrhein-Westfalen,49.0,59175.54
K0471,0.0,58.0,65705.0,Sachsen,57.0,102678.3
K0472,0.0,65.0,82579.0,Nordrhein-Westfalen,52.0,119442.59
K0473,1.0,54.0,60025.0,Berlin,42.0,74740.62
K0474,1.0,50.0,65573.0,Bayern,40.0,99556.57
K0475,1.0,65.0,58270.0,Berlin,38.0,85983.74
K0476,0.0,39.0,45332.0,Baden-Württemberg,24.0,77782.69
K0477,1.0,66.0,76920.0,Hamburg,53.0,113661.11
K0478,0.0,38.0,45935.0,Brandenburg,49.0,76303.93
K0479,1.0,53.0,44034.0,Hamburg,40.0,69020.15
K0480,1.0,64.0,86943.0,Thüringen,68.0,126122.42
K0481,0.0,64.0,64626.0,Sachsen,55.0,113550.22
K0482,1.0,65.0,78613.0,Baden-Württemberg,50.0,114603.28
K0483,0.0,47.0,55536.0,Bayern,37.0,76897.16
K0484,0.0,68.0,89120.0,Berlin,55.0,135200.0
K0485,1.0,61.0,94363.0,Bayern,50.0,137974.71
K0486,1.0,53.0,47966.0,Nordrhein-Westfalen,39.0,73902.32
K0487,1.0,52.0,53837.0,Hamburg,22.0,64750.35
K0488,0.0,61.0,72690.0,Hessen,55.0,101692.85
K0489,1.0,66.0,64077.0,Nordrhein-Westfalen,48.0,109821.52
K0490,1.0,41.0,57422.0,Nordrhein-Westfalen,47.0,75053.42
K0491,1.0,42.0,59171.0,Baden-Württemberg,52.0,85183.22
K0492,0.0,52.0,66942.0,Niedersachsen,50.0,90579.78
K0493,1.0,54.0,65610.0,Berlin,59.0,78467.12
K0494,0.0,51.0,88749.0,Bayern,64.0,119134.23
K0495,0.0,70.0,67872.0,Baden-Württemberg,44.0,114545.55
K0496,1.0,59.0,69178.0,Brandenburg,48.0,80282.57
K0497,1.0,46.0,46352.0,Bayern,22.0,76759.63
K0498,0.0,49.0,67271.0,Bayern,42.0,83949.89
K0499,1.0,54.0,43162.0,Niedersachsen,34.0,81298.0
K0500,0.0,51.0,59485.0,Nordrhein-Westfalen,49.0,96388.95
K0501,1.0,42.0,53660.0,Bayern,37.0,77862.18
K0502,1.0,48.0,46259.0,Baden-Württemberg,29.0,73400.97
K0503,0.0,65.0,68189.0,Nordrhein-Westfalen,36.0,97143.57
K0504,1.0,41.0,49106.0,Baden-Württemberg,35.0,60659.78
K0505,1.0,70.0,90763.0,Sachsen,74.0,149827.25
K0506,1.0,48.0,45333.0,Hessen,40.0,65343.65
K0507,1.0,41.0,39630.0,Bayern,41.0,80659.67
K0508,1.0,38.0,57891.0,Bayern,38.0,73104.4
K0509,1.0,36.0,40554.0,Baden-Württemberg,24.0,68345.72
K0510,0.0,57.0,57867.0,Bayern,35.0,78941.48
K0511,1.0,43.0,59012.0,Baden-Württemberg,44.0,91000.76
K0512,0.0,60.0,64260.0,Hessen,33.0,95392.37
K0513,1.0,48.0,67677.0,Baden-Württemberg,42.0,94002.32
K0514,0.0,45.0,46082.0,Hamburg,34.0,78379.94
K0515,1.0,34.0,39614.0,Hessen,26.0,56174.25
K0516,0.0,64.0,84143.0,Bayern,42.0,106701.56
K0517,1.0,41.0,46486.0,Baden-Württemberg,40.0,79483.05
K0518,1.0,54.0,71244.0,Baden-Württemberg,51.0,92301.85
K0519,1.0,50.0,57994.0,Baden-Württemberg,49.0,93543.59
K0520,1.0,65.0,96471.0,Nordrhein-Westfalen,55.0,145684.18
K0521,1.0,52.0,77888.0,Bayern,59.0,105968.69
K0522,1.0,45.0,38876.0,Nordrhein-Westfalen,45.0,78038.11
K0523,0.0,68.0,83899.0,Berlin,59.0,128052.56
K0524,1.0,68.0,69381.0,Berlin,45.0,102303.37
K0525,1.0,43.0,53186.0,Hamburg,43.0,93969.09
K0526,1.0,60.0,70296.0,Niedersachsen,46.0,94507.15
K0527,0.0,34.0,29899.0,Bayern,24.0,45878.08
K0528,1.0,64.0,85374.0,Baden-Württemberg,62.0,121684.52
K0529,1.0,52.0,63079.0,Hessen,46.0,100733.46
K0530,1.0,58.0,64297.0,Bayern,56.0,110338.33
K0531,0.0,40.0,43103.0,Berlin,33.0,77219.0
K0532,0.0,47.0,56965.0,Niedersachsen,41.0,86689.81
K0533,1.0,41.0,53363.0,Brandenburg,38.0,75926.68
K0534,0.0,38.0,44329.0,Hessen,29.0,48028.91
K0535,0.0,39.0,16051.0,Hamburg,29.0,24654.09
K0536,1.0,46.0,54548.0,Nordrhein-Westfalen,58.0,100672.01
K0537,0.0,67.0,61517.0,Niedersachsen,43.0,80799.11
K0538,1.0,36.0,41243.0,Hamburg,31.0,55677.0
K0539,1.0,42.0,34792.0,Niedersachsen,27.0,71876.74
K0540,1.0,69.0,63958.0,Nordrhein-Westfalen,42.0,106491.22
K0541,1.0,38.0,59079.0,Berlin,56.0,92587.82
K0542,1.0,56.0,61743.0,Berlin,41.0,100812.37
K0543,0.0,31.0,33788.0,Nordrhein-Westfalen,28.0,67174.26
K0544,1.0,34.0,46577.0,Hessen,30.0,71156.2
K0545,1.0,58.0,63366.0,Baden-Württemberg,49.0,104762.36
K0546,1.0,66.0,98881.0,Sachsen,64.0,131352.24
K0547,0.0,67.0,74189.0,Baden-Württemberg,44.0,118596.14
K0548,1.0,48.0,60494.0,Nordrhein-Westfalen,39.0,85749.76
K0549,1.0,37.0,55129.0,Nordrhein-Westfalen,53.0,73887.77
K0550,1.0,30.0,54381.0,Thüringen,42.0,83223.78
K0551,1.0,51.0,51743.0,Baden-Württemberg,42.0,91562.01
K0552,0.0,46.0,49832.0,Hessen,41.0,93781.58
K0553,0.0,36.0,57337.0,Berlin,53.0,95615.03
K0554,1.0,54.0,71830.0,Bayern,44.0,113981.18
K0555,0.0,33.0,51920.0,Baden-Württemberg,38.0,54310.26
K0556,1.0,65.0,60136.0,Hessen,44.0,116989.74
K0557,0.0,35.0,59218.0,Berlin,33.0,89824.77
K0558,1.0,60.0,61297.0,Baden-Württemberg,39.0,89077.09
K0559,1.0,48.0,58620.0,Hessen,52.0,95311.77
K0560,1.0,68.0,76627.0,Nordrhein-Westfalen,59.0,106279.31
K0561,0.0,56.0,55688.0,Nordrhein-Westfalen,49.0,94116.03
K0562,1.0,39.0,31451.0,Sachsen,27.0,41728.39
K0563,1.0,55.0,45218.0,Berlin,34.0,69467.58
K0564,1.0,48.0,57825.0,Thüringen,31.0,94299.04
K0565,0.0,68.0,61693.0,Nordrhein-Westfalen,52.0,111218.49
K0566,1.0,32.0,26878.0,Bayern,36.0,50126.6
K0567,0.0,42.0,47660.0,Baden-Württemberg,46.0,69281.41
K0568,0.0,57.0,37682.0,Berlin,45.0,48170.28
K0569,1.0,49.0,66068.0,Berlin,51.0,93925.34
K0570,0.0,57.0,40164.0,Hessen,46.0,77779.65
K0571,1.0,37.0,43760.0,Hessen,35.0,63570.42
K0572,0.0,70.0,80568.0,Nordrhein-Westfalen,43.0,120515.75
K0573,1.0,68.0,84070.0,Brandenburg,63.0,122645.18
K0574,0.0,30.0,36552.0,Baden-Württemberg,21.0,51200.08
K0575,0.0,32.0,61059.0,Nordrhein-Westfalen,47.0,81549.78
K0576,0.0,42.0,52370.0,Bayern,48.0,74270.35
K0577,0.0,57.0,77726.0,Thüringen,56.0,125762.16
K0578,1.0,54.0,55199.0,Baden-Württemberg,59.0,64942.31
K0579,1.0,62.0,73034.0,Thüringen,38.0,104459.86
K0580,0.0,67.0,93933.0,Baden-Württemberg,61.0,124053.4
K0581,1.0,35.0,39852.0,Bayern,35.0,63972.97
K0582,1.0,61.0,72725.0,Baden-Württemberg,42.0,109982.32
K0583,0.0,50.0,69342.0,Niedersachsen,42.0,115292.51
K0584,0.0,45.0,45230.0,Nordrhein-Westfalen,32.0,91201.91
K0585,0.0,50.0,35262.0,Berlin,25.0,55722.36
K0586,1.0,40.0,50626.0,Sachsen,40.0,75452.53
K0587,0.0,66.0,86787.0,Hessen,54.0,127064.84
K0588,1.0,65.0,60323.0,Niedersachsen,47.0,90362.92
K0589,0.0,64.0,81163.0,Nordrhein-Westfalen,60.0,124639.62
K0590,1.0,48.0,63876.0,Bayern,51.0,90833.08
K0591,0.0,49.0,32964.0,Bayern,29.0,49823.49
K0592,0.0,47.0,45296.0,Sachsen,40.0,69529.36
K0593,1.0,70.0,76112.0,Sachsen,60.0,107199.46
K0594,0.0,43.0,49162.0,Thüringen,43.0,84864.12
K0595,1.0,44.0,44135.0,Sachsen,50.0,90278.48
K0596,0.0,60.0,60911.0,Baden-Württemberg,52.0,97769.6
K0597,0.0,30.0,55132.0,Nordrhein-Westfalen,55.0,74760.4
K0598,1.0,32.0,38008.0,Berlin,44.58485401459854,59823.29
K0599,0.0,45.0,45742.0,Thüringen,39.0,83874.88
K0600,0.0,52.0,60428.0,Berlin,43.0,102443.11
K0601,1.0,40.0,53679.0,Berlin,41.0,77410.61
K0602,1.0,41.0,49499.0,Hamburg,34.0,77389.91
K0603,0.0,39.0,44538.0,Bayern,40.0,74086.48
K0604,0.0,61.0,63590.0,Baden-Württemberg,34.0,86929.76
K0605,0.0,45.0,46099.0,Sachsen,41.0,84552.86
K0606,0.0,37.0,38116.0,Nordrhein-Westfalen,29.0,77480.16
K0607,1.0,67.0,80824.0,Baden-Württemberg,52.0,132575.6
K0608,0.0,41.0,38158.0,Nordrhein-Westfalen,37.0,49170.73
K0609,1.0,53.0,66225.0,Hessen,49.0,78191.01
K0610,1.0,57.0,81624.0,Berlin,63.0,123507.46
K0611,1.0,37.0,48132.0,Bayern,32.0,63544.0
K0612,1.0,57.0,62292.0,Nordrhein-Westfalen,46.0,99289.0
K0613,1.0,65.0,60902.0,Niedersachsen,52.0,114790.5
K0614,1.0,55.0,81244.0,Hamburg,58.0,108119.52
K0615,0.0,37.0,31911.0,Hessen,34.0,49510.98
K0616,1.0,57.0,75502.0,Baden-Württemberg,61.0,112788.96
K0617,1.0,57.0,73224.0,Berlin,49.0,94361.83
K0618,1.0,66.0,73497.0,Baden-Württemberg,47.0,104863.39
K0619,1.0,70.0,77553.0,Bayern,58.0,119128.85
K0620,1.0,65.0,55071.0,Niedersachsen,41.0,90033.88
K0621,1.0,56.0,68794.0,Sachsen,57.0,108744.79
K0622,1.0,46.0,61088.0,Berlin,48.0,117616.31
K0623,0.0,38.0,33873.0,Bayern,28.0,56924.35
K0624,1.0,62.0,70035.0,Niedersachsen,52.0,98348.59
K0625,1.0,49.0,58030.0,Nordrhein-Westfalen,38.0,102268.68
K0626,1.0,42.0,56364.0,Nordrhein-Westfalen,50.0,66173.96
K0627,0.0,57.0,66341.0,Nordrhein-Westfalen,38.0,85104.71
K0628,1.0,58.0,49747.0,Hamburg,48.0,77878.69
K0629,1.0,42.0,44277.0,Nordrhein-Westfalen,39.0,67064.45
K0630,1.0,64.0,76331.0,Baden-Württemberg,52.0,108153.91
K0631,1.0,35.0,51556.0,Bayern,46.0,73467.98
K0632,1.0,47.0,48751.0,Berlin,43.0,79984.29
K0633,1.0,34.0,65070.0,Hamburg,57.0,98105.63
K0634,1.0,54.0,42499.0,Sachsen,45.0,75331.36
K0635,1.0,31.0,31976.0,Nordrhein-Westfalen,33.0,45789.83
K0636,1.0,39.0,45869.0,Baden-Württemberg,32.0,80389.23
K0637,0.0,59.0,66293.0,Baden-Württemberg,44.0,91936.18
K0638,0.0,34.0,27982.0,Bayern,28.0,31074.53
K0639,0.0,62.0,76582.0,Bayern,61.0,124774.93
K0640,0.0,30.0,41029.0,Hessen,32.0,70761.65
K0641,1.0,47.0,55970.0,Sachsen,40.0,76520.05
K0642,1.0,61.0,74239.0,Thüringen,65.0,106676.91
K0643,1.0,40.0,43259.0,Niedersachsen,36.0,58493.0
K0644,1.0,50.0,41164.0,Nordrhein-Westfalen,31.0,74268.93
K0645,0.0,55.0,56358.0,Hamburg,49.0,105656.62
K0646,1.0,54.0,64748.0,Bayern,47.0,104496.28
K0647,0.0,51.0,61555.0,Hamburg,36.0,101804.21
K0648,1.0,56.0,65663.0,Hessen,55.0,107678.5
K0649,0.0,42.0,55975.0,Nordrhein-Westfalen,38.0,80767.86
K0650,1.0,62.0,65422.0,Bayern,48.0,113261.61
K0651,1.0,63.0,73099.0,Bayern,51.0,118236.17
K0652,1.0,70.0,86609.0,Bayern,60.0,142906.55
K0653,1.0,64.0,72974.0,Thüringen,36.0,106325.73
K0654,1.0,30.0,23521.0,Berlin,24.0,24543.56
K0655,1.0,50.0,48277.0,Nordrhein-Westfalen,47.0,88936.09
K0656,0.0,35.0,51440.0,Nordrhein-Westfalen,50.0,76009.29
K0657,1.0,57.0,81401.0,Bayern,49.0,113014.09
K0658,1.0,46.0,67111.0,Hessen,55.0,93112.35
K0659,1.0,34.0,43862.0,Sachsen,32.0,91438.09
K0660,0.0,60.0,56507.0,Berlin,41.0,84172.64
K0661,1.0,34.0,41276.0,Sachsen,33.0,53961.89
K0662,1.0,67.0,94092.0,Bayern,63.0,135212.01
K0663,1.0,32.0,45882.0,Baden-Württemberg,45.0,78435.1
K0664,1.0,52.0,58625.0,Sachsen,46.0,113237.35
K0665,0.0,66.0,82882.0,Nordrhein-Westfalen,56.0,127752.43
K0666,1.0,66.0,62298.0,Thüringen,53.0,88092.7
K0667,1.0,39.0,39225.0,Niedersachsen,29.0,83313.68
K0668,0.0,39.0,35011.0,Sachsen,32.0,57408.01
K0669,1.0,48.0,61627.0,Nordrhein-Westfalen,53.0,82405.97
K0670,1.0,46.0,62109.0,Nordrhein-Westfalen,50.0,79387.46
K0671,1.0,50.0,57036.0,Hessen,40.0,95823.72
K0672,0.0,43.0,41643.0,Berlin,25.0,68969.85
K0673,1.0,38.0,45470.0,Sachsen,40.0,72615.51
K0674,0.0,30.0,31727.0,Berlin,20.0,62658.18
K0675,1.0,42.0,41390.0,Hamburg,34.0,58786.52
K0676,1.0,33.0,43936.0,Berlin,45.0,78850.36
K0677,1.0,30.0,28784.0,Berlin,34.0,42416.07
K0678,0.0,69.0,62333.0,Berlin,32.0,123546.58
K0679,1.0,61.0,56063.0,Berlin,44.0,98148.54
K0680,0.0,63.0,55422.0,Sachsen,40.0,81784.14
K0681,0.0,57.0,68984.0,Berlin,41.0,81325.05
K0682,1.0,60.0,71186.0,Hessen,53.0,115349.19
K0683,1.0,37.0,45690.0,Baden-Württemberg,34.0,64971.82
K0684,1.0,68.0,84609.0,Baden-Württemberg,54.0,123507.33
K0685,1.0,55.0,77056.0,Bayern,54.0,118343.37
K0686,0.0,63.0,66387.0,Niedersachsen,44.0,112799.7
K0687,0.0,32.0,43583.0,Baden-Württemberg,37.0,75274.62
K0688,1.0,41.0,31809.0,Sachsen,27.0,44588.0
K0689,1.0,30.0,51957.0,Bayern,37.0,86152.97
K0690,0.0,34.0,27844.0,Bayern,36.0,41694.48
K0691,1.0,59.0,60769.0,Baden-Württemberg,53.0,72785.83
K0692,0.0,59.0,61988.0,Baden-Württemberg,34.0,83817.23
K0693,1.0,46.0,37812.0,Nordrhein-Westfalen,39.0,67614.67
K0694,0.0,52.0,61228.0,Nordrhein-Westfalen,55.0,81411.98
K0695,1.0,44.0,54514.0,Hessen,53.0,80645.05
K0696,1.0,66.0,74011.0,Baden-Württemberg,56.0,116589.56
K0697,1.0,50.0,42001.0,Bayern,29.0,69941.72
K0698,1.0,43.0,72619.0,Berlin,56.0,94619.66
K0699,1.0,31.0,44046.0,Thüringen,31.0,51186.35
K0700,0.0,40.0,76423.0,Bayern,51.0,101008.49
K0701,0.0,68.0,58894.676657584016,Nordrhein-Westfalen,52.0,87209.72
K0702,1.0,67.0,87538.0,Berlin,53.0,120582.75
K0703,1.0,63.0,81261.0,Bayern,48.0,109555.23
K0704,1.0,67.0,73998.0,Berlin,55.0,111198.78
K0705,1.0,63.0,88113.0,Baden-Württemberg,72.0,123910.94
K0706,1.0,47.0,51053.0,Nordrhein-Westfalen,49.0,89354.82
K0707,1.0,59.0,64556.0,Bayern,52.0,115909.26
K0708,1.0,44.0,14547.0,Nordrhein-Westfalen,29.0,28960.3
K0709,1.0,56.0,69651.0,Baden-Württemberg,54.0,123769.4
K0710,1.0,63.0,58435.0,Thüringen,47.0,87561.26
K0711,1.0,67.0,71177.0,Baden-Württemberg,57.0,112500.75
K0712,0.0,62.0,60595.0,Sachsen,36.0,101207.94
K0713,1.0,53.0,57988.0,Nordrhein-Westfalen,45.0,114801.87
K0714,0.0,44.0,57008.0,Thüringen,43.0,77339.83
K0715,1.0,59.0,68591.0,Berlin,50.0,85536.41
K0716,1.0,46.0,62061.0,Nordrhein-Westfalen,43.0,105588.24
K0717,0.0,34.0,55070.0,Berlin,46.0,67139.29
K0718,0.0,58.0,63385.0,Baden-Württemberg,41.0,93077.19
K0719,0.0,33.0,35069.0,Berlin,29.0,43110.27
K0720,1.0,39.0,57156.0,Baden-Württemberg,39.0,77986.08
K0721,1.0,46.0,65611.0,Thüringen,54.0,85435.92
K0722,0.0,39.0,54801.0,Baden-Württemberg,42.0,84900.44
K0723,1.0,46.0,44038.0,Hessen,34.0,72625.61
K0724,1.0,49.0,62203.0,Hessen,43.0,85122.57
K0725,1.0,53.0,63147.0,Hamburg,47.0,105317.06
K0726,1.0,34.0,52759.0,Niedersachsen,53.0,77110.67
K0727,0.0,63.0,66597.0,Baden-Württemberg,40.0,83837.24
K0728,1.0,35.0,24355.0,Hessen,32.0,55167.61
K0729,1.0,31.0,45575.0,Bayern,41.0,67425.51
K0730,1.0,42.0,22279.0,Sachsen,20.0,61502.53
K0731,1.0,40.0,39921.0,Nordrhein-Westfalen,45.0,65687.09
K0732,1.0,52.0,49778.0,Thüringen,44.0,72763.75
K0733,1.0,45.0,42110.0,Baden-Württemberg,33.0,67204.52
K0734,1.0,60.0,61431.0,Bayern,33.0,105250.41
K0735,0.0,40.0,61057.0,Baden-Württemberg,47.0,77084.28
K0736,1.0,45.0,62178.0,Baden-Württemberg,46.0,85463.8
K0737,1.0,37.0,41869.0,Bayern,29.0,62593.9
K0738,0.0,33.0,52554.0,Niedersachsen,34.0,60796.8
K0739,0.0,69.0,67799.0,Bayern,55.0,99345.38
K0740,1.0,33.0,27264.0,Brandenburg,44.58485401459854,49485.54
K0741,1.0,54.0,72410.0,Sachsen,53.0,117491.52
K0742,1.0,32.0,45461.0,Niedersachsen,36.0,69182.41
K0743,0.0,61.0,65648.0,Berlin,51.0,100202.5
K0744,0.0,32.0,26860.0,Berlin,26.0,37058.29
K0745,0.0,56.0,81045.0,Berlin,58.0,125101.5
K0746,1.0,58.0,48730.0,Baden-Württemberg,34.0,87338.42
K0747,0.0,61.0,64150.0,Niedersachsen,47.0,91908.79
K0748,1.0,48.0,59014.0,Bayern,48.0,97451.48
K0749,1.0,50.0,78249.0,Nordrhein-Westfalen,55.0,114846.09
K0750,1.0,34.0,45499.0,Nordrhein-Westfalen,40.0,58717.86
K0751,0.0,47.0,60658.0,Hessen,39.0,87172.44
K0752,1.0,57.0,60125.0,Bayern,41.0,89090.25
K0753,0.0,51.0,65955.0,Bayern,44.0,122657.88
K0754,1.0,50.0,59847.0,Nordrhein-Westfalen,43.0,95607.73
K0755,1.0,35.0,25203.0,Brandenburg,37.0,48554.06
K0756,1.0,30.0,45604.0,Bayern,35.0,69872.12
K0757,1.0,34.0,51868.0,Baden-Württemberg,33.0,87676.29
K0758,0.0,70.0,89117.0,Baden-Württemberg,63.0,128700.13
K0759,1.0,41.0,49301.0,Nordrhein-Westfalen,49.0,68579.84
K0760,0.0,55.0,53760.0,Bayern,33.0,93912.15
K0761,0.0,63.0,47767.0,Hamburg,53.0,81512.67
K0762,0.0,43.0,52813.0,Berlin,44.0,67106.32
K0763,1.0,55.0,75863.0,Hessen,60.0,96369.11
K0764,1.0,56.0,76011.0,Nordrhein-Westfalen,63.0,125585.18
K0765,1.0,38.0,54535.0,Nordrhein-Westfalen,49.0,79772.26
K0766,0.0,55.0,63325.0,Berlin,46.0,89117.31
K0767,0.0,51.0,71583.0,Baden-Württemberg,59.0,99159.39
K0768,1.0,59.0,78492.0,Berlin,56.0,122336.16
K0769,0.0,46.0,49781.0,Hessen,48.0,73484.48
K0770,1.0,55.0,71467.0,Hessen,59.0,89954.18
K0771,1.0,65.0,69167.0,Niedersachsen,42.0,110950.37
K0772,1.0,30.0,42861.0,Baden-Württemberg,42.0,74561.85
K0773,0.0,37.0,30511.0,Niedersachsen,29.0,63585.76
K0774,1.0,64.0,60640.0,Baden-Württemberg,46.0,92602.45
K0775,0.0,44.0,63671.0,Nordrhein-Westfalen,48.0,102706.73
K0776,0.0,51.0,69957.0,Bayern,51.0,102053.63
K0777,0.0,43.0,57981.0,Niedersachsen,55.0,96036.67
K0778,1.0,55.0,65084.0,Baden-Württemberg,38.0,104045.73
K0779,1.0,57.0,40366.0,Berlin,23.0,58229.04
K0780,1.0,52.0,60063.0,Niedersachsen,31.0,109287.55
K0781,1.0,43.0,56035.0,Bayern,51.0,83116.94
K0782,1.0,53.0,56160.0,Nordrhein-Westfalen,38.0,93839.56
K0783,0.0,31.0,30362.0,Niedersachsen,31.0,34904.28
K0784,1.0,55.0,79794.0,Hessen,54.0,118498.73
K0785,1.0,43.0,50456.0,Bayern,34.0,88108.0
K0786,1.0,36.0,48447.0,Brandenburg,45.0,90879.99
K0787,1.0,32.0,47570.0,Hessen,38.0,82420.11
K0788,1.0,52.0,50014.0,Berlin,38.0,86755.55
K0789,1.0,47.0,57545.0,Niedersachsen,45.0,70459.81
K0790,0.0,67.0,91461.0,Berlin,66.0,131748.07
K0791,1.0,64.0,93624.0,Bayern,55.0,126237.04
K0792,0.0,44.0,52628.0,Bayern,47.0,80768.14
K0793,0.0,54.0,60464.0,Baden-Württemberg,55.0,79245.06
K0794,1.0,66.0,78982.0,Bayern,45.0,116107.59
K0795,0.0,57.0,68942.0,Nordrhein-Westfalen,51.0,96688.41
K0796,1.0,39.0,61809.0,Nordrhein-Westfalen,44.0,80843.31
K0797,0.0,68.0,67429.0,Bayern,54.0,100668.95
K0798,1.0,46.0,51329.0,Thüringen,32.0,77922.3
K0799,0.0,68.0,66119.0,Brandenburg,59.0,107741.21
K0800,0.0,51.0,48813.0,Sachsen,28.0,52577.91
K0801,0.0,55.0,68214.0,Niedersachsen,47.0,75900.15
K0802,0.0,54.0,71828.0,Nordrhein-Westfalen,54.0,99915.01
K0803,1.0,46.0,47322.0,Baden-Württemberg,34.0,73162.63
K0804,1.0,42.0,58398.0,Bayern,38.0,86430.54
K0805,1.0,49.0,69675.0,Baden-Württemberg,51.0,92342.53
K0806,1.0,54.0,84027.0,Niedersachsen,58.0,117270.4
K0807,0.0,33.0,41016.0,Bayern,36.0,61945.93
K0808,1.0,39.0,39831.0,Nordrhein-Westfalen,41.0,56301.97
K0809,0.0,32.0,28303.0,Bayern,26.0,57388.47
K0810,1.0,70.0,68456.0,Nordrhein-Westfalen,51.0,111312.94
K0811,0.0,47.0,69003.0,Baden-Württemberg,46.0,102390.57
K0812,1.0,65.0,58549.0,Baden-Württemberg,38.0,97388.62
K0813,0.0,51.0,72996.0,Bayern,50.0,124497.54
K0814,0.0,63.0,63391.0,Berlin,43.0,105484.64
K0815,1.0,37.0,37168.0,Bayern,30.0,55031.56
K0816,1.0,69.0,77676.0,Nordrhein-Westfalen,62.0,126864.71
K0817,0.0,48.0,48903.0,Baden-Württemberg,38.0,59895.32
K0818,1.0,70.0,90512.0,Bayern,56.0,133444.42
K0819,1.0,66.0,95730.0,Nordrhein-Westfalen,63.0,138765.11
K0820,1.0,35.0,35300.0,Baden-Württemberg,33.0,58384.57
K0821,1.0,55.0,59442.0,Sachsen,36.0,88964.7
K0822,1.0,63.0,71039.0,Thüringen,48.0,98163.51
K0823,1.0,35.0,48297.0,Baden-Württemberg,37.0,62369.93
K0824,1.0,66.0,74400.0,Bayern,51.0,114577.68
K0825,1.0,62.0,86770.0,Berlin,63.0,112809.13
K0826,0.0,51.0,72225.0,Nordrhein-Westfalen,52.0,120296.65
K0827,1.0,50.0,45848.0,Hessen,47.0,48780.22
K0828,0.0,35.0,48079.0,Niedersachsen,39.0,65670.65
K0829,1.0,35.0,58918.0,Nordrhein-Westfalen,57.0,82500.37
K0830,1.0,33.0,34894.0,Baden-Württemberg,29.0,60765.14
K0831,1.0,59.0,65278.0,Nordrhein-Westfalen,42.0,91121.52
K0832,1.0,40.0,42128.0,Niedersachsen,40.0,78281.31
K0833,1.0,59.0,62970.0,Hessen,56.0,83862.47
K0834,1.0,60.0,51460.0,Sachsen,31.0,80985.24
K0835,1.0,53.0,47554.0,Niedersachsen,37.0,85424.37
K0836,1.0,38.0,46525.0,Bayern,34.0,80802.74
K0837,0.0,32.0,55589.0,Berlin,44.0,60798.72
K0838,1.0,60.0,62903.0,Brandenburg,47.0,125573.59
K0839,1.0,69.0,72349.0,Baden-Württemberg,61.0,103823.85
K0840,0.0,66.0,94518.0,Thüringen,62.0,119618.58
K0841,1.0,65.0,62961.0,Baden-Württemberg,56.0,106364.96
K0842,1.0,53.0,43943.0,Niedersachsen,35.0,71806.29
K0843,0.0,60.0,60569.0,Brandenburg,52.0,89849.34
K0844,1.0,35.0,35242.0,Baden-Württemberg,34.0,63070.96
K0845,0.0,31.0,19138.0,Sachsen,37.0,21471.65
K0846,0.0,49.0,56231.0,Nordrhein-Westfalen,33.0,67307.08
K0847,1.0,57.0,76586.0,Hamburg,45.0,104976.08
K0848,1.0,40.0,33908.0,Bayern,45.0,69238.65
K0849,1.0,33.0,41209.0,Baden-Württemberg,30.0,56426.61
K0850,1.0,44.0,56488.0,Bayern,39.0,99913.03
K0851,1.0,35.0,41525.0,Bayern,30.0,75726.31
K0852,0.0,59.0,70484.0,Brandenburg,58.0,107496.17
K0853,1.0,67.0,79290.0,Thüringen,46.0,122565.05
K0854,1.0,31.0,29275.0,Hessen,30.0,51628.74
K0855,0.0,44.0,68447.0,Sachsen,47.0,96292.93
K0856,0.0,40.0,61386.0,Niedersachsen,53.0,81555.07
K0857,1.0,37.0,57504.0,Berlin,40.0,78406.83
K0858,1.0,55.0,75123.0,Nordrhein-Westfalen,55.0,97596.04
K0859,1.0,34.0,24264.0,Berlin,44.58485401459854,22580.44
K0860,1.0,35.0,52473.0,Nordrhein-Westfalen,57.0,86012.47
K0861,1.0,55.0,71240.0,Bayern,49.0,106132.59
K0862,1.0,33.0,23596.0,Baden-Württemberg,27.0,44008.34
K0863,0.0,48.0,54204.0,Nordrhein-Westfalen,54.0,86153.64
K0864,1.0,49.0,60621.0,Hessen,41.0,81988.0
K0865,1.0,62.0,89774.0,Sachsen,72.0,117051.99
K0866,1.0,49.0,65479.0,Sachsen,45.0,92555.99
K0867,1.0,41.0,39563.0,Baden-Württemberg,39.0,78550.75
K0868,0.0,30.0,55391.0,Brandenburg,39.0,61951.79
K0869,0.0,55.0,64604.0,Berlin,38.0,69621.64
K0870,0.0,43.0,48335.0,Hessen,42.0,68096.85
K0871,1.0,67.0,73602.0,Nordrhein-Westfalen,56.0,124908.81
K0872,1.0,66.0,58457.0,Bayern,35.0,79415.76
K0873,1.0,40.0,46664.0,Hessen,36.0,59309.97
K0874,1.0,65.0,80375.0,Niedersachsen,64.0,121858.27
K0875,1.0,42.0,45845.0,Baden-Württemberg,42.0,97820.78
K0876,0.0,32.0,43734.0,Nordrhein-Westfalen,34.0,49055.81
K0877,1.0,62.0,62350.0,Hessen,42.0,84761.44
K0878,1.0,35.0,40901.0,Sachsen,49.0,66275.03
K0879,1.0,39.0,50202.0,Bayern,30.0,86793.36
K0880,1.0,34.0,43401.0,Baden-Württemberg,36.0,58491.97
K0881,1.0,52.0,43463.0,Brandenburg,26.0,57784.07
K0882,0.0,39.0,42008.0,Baden-Württemberg,45.0,69244.54
K0883,0.0,31.0,56282.0,Thüringen,43.0,81611.9
K0884,0.0,42.0,44684.0,Baden-Württemberg,39.0,87308.31
K0885,1.0,69.0,79491.0,Nordrhein-Westfalen,74.0,127058.7
K0886,1.0,31.0,37149.0,Hamburg,29.0,65317.0
K0887,1.0,49.0,74627.0,Bayern,65.0,102198.45
K0888,1.0,30.0,50998.0,Baden-Württemberg,38.0,95539.65
K0889,0.0,66.0,84822.0,Hessen,56.0,118968.62
K0890,1.0,38.0,35130.0,Hessen,51.0,52189.58
K0891,1.0,46.0,58260.0,Bayern,43.0,104933.18
K0892,1.0,38.0,51844.0,Sachsen,31.0,60596.45
K0893,1.0,40.0,40278.0,Bayern,37.0,45917.71
K0894,0.0,44.0,42754.0,Berlin,35.0,69418.9
K0895,1.0,53.0,80451.0,Hamburg,58.0,112949.61
K0896,1.0,67.0,73888.0,Baden-Württemberg,51.0,111202.84
K0897,1.0,64.0,91409.0,Sachsen,76.0,140161.07
K0898,1.0,59.0,79283.0,Berlin,59.0,105625.52
K0899,0.0,60.0,73978.0,Baden-Württemberg,44.0,109383.25
K0900,0.0,34.0,46252.0,Berlin,39.0,62891.18
K0901,0.0,43.0,35922.0,Hessen,27.0,51533.78
K0902,0.0,40.0,50097.0,Hamburg,38.0,73036.86
K0903,1.0,38.0,61052.0,Niedersachsen,39.0,93849.29
K0904,0.0,63.0,80199.0,Baden-Württemberg,70.0,138366.29
K0905,1.0,41.0,50613.0,Bayern,35.0,81875.89
K0906,1.0,64.0,92461.0,Nordrhein-Westfalen,66.0,105443.46
K0907,0.0,64.0,71888.0,Baden-Württemberg,49.0,108277.84
K0908,1.0,30.0,30285.0,Nordrhein-Westfalen,22.0,49774.03
K0909,0.0,69.0,80988.0,Baden-Württemberg,57.0,130219.27
K0910,1.0,51.0,68102.0,Nordrhein-Westfalen,52.0,101089.53
K0911,1.0,58.0,48755.0,Bayern,43.0,95736.22
K0912,0.0,37.0,47689.0,Hessen,20.0,73619.96
K0913,0.0,40.0,56643.0,Baden-Württemberg,35.0,96334.06
K0914,1.0,70.0,77481.0,Baden-Württemberg,60.0,114318.99
K0915,1.0,66.0,88070.0,Bayern,53.0,129089.55
K0916,1.0,43.0,58063.0,Baden-Württemberg,45.0,93120.95
K0917,1.0,59.0,91693.0,Bayern,52.0,121840.18
K0918,1.0,64.0,65754.0,Hamburg,53.0,95513.44
K0919,0.0,50.0,67714.0,Hessen,55.0,90616.13
K0920,1.0,66.0,65032.0,Nordrhein-Westfalen,53.0,96232.71
K0921,0.0,34.0,23826.0,Niedersachsen,34.0,48808.86
K0922,1.0,48.0,34459.0,Hessen,43.0,44237.57
K0923,1.0,43.0,56948.0,Berlin,35.0,67634.12
K0924,0.0,55.0,66128.0,Berlin,43.0,117054.79
K0925,1.0,33.0,35064.0,Berlin,39.0,48350.07
K0926,1.0,54.0,43811.0,Nordrhein-Westfalen,45.0,77794.39
K0927,1.0,54.0,55557.0,Bayern,38.0,72637.98
K0928,0.0,47.0,55494.0,Baden-Württemberg,38.0,83850.57
K0929,0.0,69.0,87922.0,Niedersachsen,54.0,120453.26
K0930,1.0,37.0,44420.0,Bayern,26.0,51519.02
K0931,1.0,68.0,80968.0,Sachsen,47.0,135002.85
K0932,1.0,69.0,75241.0,Nordrhein-Westfalen,44.0,128050.39
K0933,0.0,43.0,70080.0,Baden-Württemberg,48.0,94723.69
K0934,0.0,61.0,59597.0,Baden-Württemberg,47.0,104647.51
K0935,1.0,67.0,69567.0,Brandenburg,53.0,128522.22
K0936,1.0,62.0,66385.0,Hessen,45.0,110890.06
K0937,1.0,52.0,66760.0,Bayern,45.0,103242.45
K0938,0.0,44.0,40928.0,Niedersachsen,36.0,68349.12
K0939,0.0,62.0,73197.0,Hessen,41.0,115604.15
K0940,1.0,54.0,64833.0,Bayern,54.0,93686.46
K0941,1.0,46.0,46834.0,Baden-Württemberg,47.0,71854.37
K0942,1.0,62.0,75303.0,Nordrhein-Westfalen,48.0,116978.57
K0943,0.0,31.0,27160.0,Bayern,26.0,40495.11
K0944,1.0,43.0,38995.0,Nordrhein-Westfalen,43.0,61300.12
K0945,0.0,69.0,80400.0,Berlin,54.0,120052.16
K0946,1.0,69.0,61320.0,Hessen,50.0,113385.31
K0947,1.0,68.0,54974.0,Nordrhein-Westfalen,42.0,83002.22
K0948,1.0,35.0,48208.0,Nordrhein-Westfalen,50.0,78096.44
K0949,1.0,35.0,53806.0,Berlin,45.0,84195.58
K0950,1.0,32.0,34112.0,Bayern,36.0,62280.35
K0951,0.0,36.0,36269.0,Nordrhein-Westfalen,37.0,49092.44
K0952,1.0,37.0,55505.0,Berlin,39.0,61612.78
K0953,1.0,44.0,39771.0,Baden-Württemberg,32.0,72076.48
K0954,1.0,58.0,52599.0,Sachsen,47.0,88810.94
K0955,0.0,62.0,79399.0,Baden-Württemberg,56.0,125617.3
K0956,0.0,59.0,68568.0,Baden-Württemberg,41.0,95476.41
K0957,1.0,68.0,89783.0,Baden-Württemberg,73.0,138190.26
K0958,0.0,56.0,42003.0,Hessen,43.0,84471.99
K0959,1.0,65.0,59789.0,Niedersachsen,45.0,96988.98
K0960,1.0,58.0,67540.0,Bayern,47.0,106543.4
K0961,0.0,67.0,81679.0,Bayern,57.0,124223.23
K0962,0.0,62.0,80910.0,Bayern,59.0,108522.61
K0963,0.0,66.0,77961.0,Niedersachsen,40.0,121393.97
K0964,1.0,56.0,67000.0,Baden-Württemberg,63.0,117255.91
K0965,1.0,62.0,67502.0,Sachsen,43.0,104564.5
K0966,0.0,33.0,57513.0,Bayern,44.0,62722.06
K0967,1.0,51.0,47827.0,Thüringen,39.0,71298.43
K0968,1.0,31.0,41983.0,Baden-Württemberg,50.0,43660.45
K0969,1.0,39.0,36057.0,Nordrhein-Westfalen,32.0,73098.28
K0970,1.0,34.0,47144.0,Bayern,50.0,76527.76
K0971,1.0,39.0,35523.0,Baden-Württemberg,36.0,54246.76
K0972,0.0,62.0,79791.0,Nordrhein-Westfalen,48.0,101275.87
K0973,1.0,67.0,78366.0,Nordrhein-Westfalen,55.0,109630.95
K0974,1.0,42.0,68945.0,Berlin,49.0,88842.18
K0975,1.0,60.0,66507.0,Niedersachsen,41.0,103384.25
K0976,0.0,65.0,79589.0,Hessen,57.0,117896.45
K0977,1.0,53.0,53504.0,Nordrhein-Westfalen,42.0,98914.66
K0978,1.0,44.0,49072.0,Bayern,43.0,68862.67
K0979,0.0,58.0,68532.0,Hamburg,51.0,86666.09
K0980,0.0,37.0,28037.0,Brandenburg,24.0,37558.95
K0981,0.0,34.0,25970.0,Bayern,33.0,45444.01
K0982,0.0,58.0,73890.0,Sachsen,48.0,100147.52
K0983,1.0,33.0,38675.0,Baden-Württemberg,44.58485401459854,56493.4
K0984,0.0,41.0,42509.0,Baden-Württemberg,37.0,61738.05
K0985,1.0,31.0,30097.0,Hessen,26.0,59710.03
K0986,0.0,56.0,57640.0,Niedersachsen,46.0,83811.43
K0987,0.0,60.0,70775.0,Baden-Württemberg,64.0,101574.15
K0988,0.0,65.0,79806.0,Berlin,69.0,124673.13
K0989,0.0,65.0,52291.0,Sachsen,40.0,83234.33
K0990,1.0,55.0,79452.0,Bayern,49.0,117307.67
K0991,1.0,56.0,79765.0,Niedersachsen,59.0,117216.16
K0992,0.0,34.0,16069.0,Nordrhein-Westfalen,20.0,36929.31
K0993,0.0,49.0,69396.0,Berlin,52.0,86666.48
K0994,1.0,40.0,59298.0,Sachsen,40.0,96941.73
K0995,1.0,39.0,46774.0,Nordrhein-Westfalen,40.0,93641.06
K0996,1.0,69.0,65252.0,Berlin,42.0,105771.99
K0997,0.0,67.0,88160.0,Hessen,67.0,116308.36
K0998,0.0,35.0,39813.0,Niedersachsen,31.0,60757.87
K0999,1.0,37.0,50552.0,Hessen,45.0,83913.36
K1000,1.0,52.0,84942.0,Nordrhein-Westfalen,49.0,110785.84
K1001,0.0,55.0,66861.0,Bayern,54.0,97465.12
K1002,0.0,41.0,38996.0,Bayern,28.0,66237.4
K1003,1.0,55.0,60489.0,Bayern,47.0,105741.8
K1004,1.0,42.0,41463.0,Baden-Württemberg,43.0,74976.67
K1005,1.0,69.0,84021.0,Baden-Württemberg,56.0,133358.19
K1006,1.0,47.0,46708.0,Nordrhein-Westfalen,31.0,70719.18
K1007,1.0,54.0,57917.0,Niedersachsen,47.0,94386.02
K1008,0.0,62.0,57795.0,Niedersachsen,38.0,85730.62
K1009,0.0,69.0,77887.0,Hessen,51.0,126098.91
K1010,1.0,41.0,50856.0,Nordrhein-Westfalen,42.0,87967.12
K1011,0.0,65.0,45863.0,Brandenburg,47.0,88037.39
K1012,1.0,33.0,43075.0,Nordrhein-Westfalen,37.0,60255.17
K1013,1.0,34.0,40849.0,Bayern,36.0,60157.5
K1014,1.0,66.0,67768.0,Sachsen,54.0,125157.59
K1015,1.0,37.0,66600.0,Niedersachsen,49.0,86748.87
K1016,0.0,57.0,76694.0,Bayern,58.0,120681.69
K1017,0.0,60.0,57664.0,Hessen,51.0,95386.14
K1018,1.0,38.0,54775.0,Hamburg,40.0,75261.51
K1019,1.0,58.0,80881.0,Baden-Württemberg,33.0,102290.11
K1020,0.0,43.0,52541.0,Hessen,36.0,79916.64
K1021,1.0,69.0,58894.676657584016,Bayern,65.0,125140.05
K1022,1.0,70.0,84074.0,Baden-Württemberg,57.0,144045.32
K1023,0.0,51.0,37169.0,Sachsen,31.0,57319.84
K1024,1.0,40.0,45828.0,Niedersachsen,46.0,93946.55
K1025,1.0,52.0,58284.0,Nordrhein-Westfalen,43.0,93481.79
K1026,1.0,30.0,52514.0,Niedersachsen,27.0,76020.69
K1027,0.0,66.0,79684.0,Bayern,44.0,111685.27
K1028,1.0,50.0,55477.0,Hamburg,46.0,88889.58
K1029,1.0,55.0,63152.0,Niedersachsen,46.0,101027.77
K1030,0.0,65.0,86078.0,Thüringen,68.0,133381.03
K1031,1.0,52.0,58873.0,Bayern,39.0,80225.35
K1032,0.0,30.0,29432.0,Nordrhein-Westfalen,28.0,61522.97
K1033,1.0,69.0,76330.0,Sachsen,47.0,120784.01
K1034,0.0,44.0,62396.0,Niedersachsen,43.0,94641.94
K1035,1.0,50.0,64086.0,Sachsen,34.0,92285.2
K1036,1.0,38.0,46165.0,Berlin,35.0,60325.44
K1037,1.0,38.0,47762.0,Thüringen,39.0,72194.21
K1038,1.0,39.0,40699.0,Niedersachsen,34.0,66612.75
K1039,0.0,55.0,62026.0,Baden-Württemberg,61.0,79649.63
K1040,0.0,70.0,73211.0,Sachsen,64.0,121272.09
K1041,1.0,64.0,70698.0,Brandenburg,45.0,118855.24
K1042,1.0,54.0,77644.0,Berlin,40.0,103145.7
K1043,0.0,55.0,52440.0,Hessen,41.0,73482.49
K1044,0.0,40.0,40385.0,Baden-Württemberg,38.0,60570.44
K1045,1.0,67.0,63547.0,Berlin,41.0,103123.57
K1046,1.0,31.0,22137.0,Nordrhein-Westfalen,20.0,38697.44
K1047,1.0,36.0,41489.0,Baden-Württemberg,47.0,63321.68
K1048,0.0,47.0,48752.0,Bayern,38.0,78207.23
K1049,1.0,56.0,84320.0,Baden-Württemberg,62.0,104544.82
K1050,1.0,63.0,69742.0,Berlin,43.0,94365.56
K1051,1.0,56.0,79198.0,Nordrhein-Westfalen,54.0,85437.96
K1052,0.0,46.0,64863.0,Nordrhein-Westfalen,45.0,101644.17
K1053,1.0,53.0,59694.0,Sachsen,40.0,91743.18
K1054,1.0,54.0,85929.0,Hessen,66.0,129836.57
K1055,1.0,36.0,46427.0,Bayern,28.0,57408.1
K1056,1.0,35.0,58838.0,Sachsen,47.0,81539.66
K1057,1.0,53.0,77106.0,Nordrhein-Westfalen,51.0,111716.45
K1058,1.0,62.0,76222.0,Hessen,56.0,107580.68
K1059,1.0,58.0,75531.0,Niedersachsen,50.0,94646.93
K1060,1.0,51.0,66558.0,Sachsen,54.0,115445.45
K1061,1.0,55.0,51720.0,Niedersachsen,34.0,98714.27
K1062,0.0,57.0,66921.0,Bayern,57.0,95988.37
K1063,0.0,50.0,70355.0,Niedersachsen,50.0,104977.17
K1064,1.0,36.0,60066.0,Baden-Württemberg,36.0,78126.13
K1065,0.0,46.0,46549.0,Berlin,43.0,62984.61
K1066,1.0,49.0,63355.0,Berlin,45.0,111931.58
K1067,1.0,70.0,82041.0,Baden-Württemberg,44.0,106587.98
K1068,1.0,49.0,56341.0,Baden-Württemberg,45.0,83125.26
K1069,1.0,51.0,63650.0,Baden-Württemberg,54.0,95477.5
K1070,0.0,57.0,68664.0,Niedersachsen,58.0,118552.48
K1071,0.0,69.0,85191.0,Nordrhein-Westfalen,55.0,134143.64
K1072,0.0,36.0,59150.0,Thüringen,46.0,63818.75
K1073,1.0,30.0,45508.0,Bayern,38.0,64916.89
K1074,1.0,61.0,74008.0,Hessen,62.0,110730.9
K1075,1.0,42.0,70246.0,Sachsen,44.0,94369.73
K1076,1.0,59.0,80507.0,Baden-Württemberg,52.0,122494.92
K1077,1.0,52.0,59873.0,Niedersachsen,39.0,76854.89
K1078,1.0,48.0,43335.0,Nordrhein-Westfalen,27.0,67948.2
K1079,1.0,61.0,59927.0,Baden-Württemberg,47.0,100903.48
K1080,1.0,59.0,78591.0,Nordrhein-Westfalen,66.0,121131.95
K1081,0.0,58.0,60549.0,Nordrhein-Westfalen,44.0,95376.05
K1082,0.0,58.0,56452.0,Baden-Württemberg,37.0,86683.9
K1083,0.0,59.0,58894.676657584016,Baden-Württemberg,46.0,92837.59
K1084,1.0,45.0,45825.0,Baden-Württemberg,42.0,80681.1
K1085,1.0,69.0,88545.0,Bayern,58.0,130019.9
K1086,1.0,48.0,54835.0,Brandenburg,52.0,73324.94
K1087,0.0,47.0,40566.0,Hamburg,30.0,54913.08
K1088,1.0,30.0,37341.0,Bayern,32.0,41316.33
K1089,1.0,43.0,53520.0,Sachsen,44.0,94866.27
K1090,0.0,31.0,32891.0,Bayern,34.0,59486.79
K1091,1.0,57.0,78835.0,Baden-Württemberg,55.0,112307.45
K1092,1.0,59.0,63905.0,Bayern,38.0,94428.01
K1093,1.0,67.0,89170.0,Hamburg,76.0,123408.48
K1094,1.0,33.0,46732.0,Berlin,37.0,78942.39
K1095,1.0,30.0,47053.0,Bayern,39.0,85990.12
K1096,1.0,37.0,32686.0,Baden-Württemberg,36.0,49215.87
K1097,1.0,58.0,68451.0,Nordrhein-Westfalen,45.0,114851.71
K1098,1.0,68.0,77662.0,Thüringen,54.0,118227.18
K1099,0.0,32.0,23753.0,Bayern,22.0,40179.55
K1100,1.0,61.0,82624.0,Berlin,59.0,134755.8
K1101,1.0,39.0,37905.0,Hessen,32.0,61717.86
K1102,1.0,39.0,40159.0,Niedersachsen,37.0,67170.69
K1103,0.0,48.0,45545.0,Berlin,30.0,75700.83
K1104,1.0,63.0,80414.0,Sachsen,49.0,101554.64
